{"cameraMode":{"drawMode":0,"name":"Shaded","section":"Shading Mode"},"sceneLighting":true,"audioPlay":false,"sceneViewState":{"showFog":true,"showMaterialUpdate":false,"showSkybox":true,"showFlares":true,"showImageEffects":true,"showParticleSystems":true},"in2DMode":false,"pivot":{"x":0.37765026092529299,"y":0.8514552116394043,"z":-0.848414421081543},"rotation":{"x":-0.06185386702418327,"y":0.9249091148376465,"z":-0.1714697629213333,"w":-0.333639532327652},"size":10.0,"orthographic":false}