{"cameraMode":{"drawMode":0,"name":"Shaded","section":"Shading Mode"},"sceneLighting":true,"audioPlay":false,"sceneViewState":{"showFog":true,"showMaterialUpdate":false,"showSkybox":true,"showFlares":true,"showImageEffects":true,"showParticleSystems":true},"in2DMode":false,"pivot":{"x":21.382110595703126,"y":2.4636802673339845,"z":40.02111053466797},"rotation":{"x":-0.11560434103012085,"y":0.8839723467826843,"z":-0.33455711603164675,"w":-0.3054507076740265},"size":94.86170959472656,"orthographic":false}